计数,内容
15,"《定风波·莫听穿林打叶声》
竹杖芒鞋轻胜马，谁怕，一蓑烟雨任平生"
14,"《赤壁赋》
寄蜉蝣于天地，渺浮海之一粟"
13,"《定风波·南海归赠王定国侍人寓娘》
试问岭南应不好，却道，此心安处是吾乡"
13,"《和子由渑池怀旧》
人生到处知何似，应似飞鸿踏雪泥"
13,"《浣溪沙·细雨斜风作晓寒》
雪沫乳花浮午盏，蓼茸蒿笋试春盘，人间有味是清欢"
13,"《临江仙·送钱穆父》
人生如逆旅，我亦是行人"
13,"《临江仙·夜饮东坡醒复醉》
小舟从此逝，江海寄余生"
12,"《点绛唇·闲倚胡床》
与谁同坐，明月清风我"
12,"《记承天寺夜游》
但少闲人如吾两人者尔"
12,"《六月二十日夜渡海》
云散月明谁点缀，天容海色本澄清"
12,"《念奴娇·赤壁怀古》
大江东去，浪淘尽、千古风流人物"
12,"《西江月·世事一场大梦》
世事一场大梦，人生几度秋凉"
11,"《浣溪沙·山下兰芽短浸溪》
门前流水尚能西，休将白发唱黄鸡"
11,"《临皋闲题》
江山风月，本无常主，闲者便是主人"
11,"《水调歌头·黄州快哉亭赠张偓佺》
一点浩然气，千里快哉风"
11,"《水调歌头·明月几时有》
但愿人长久，千里共婵娟"
11,"《望江南·超然台作》
且将新火试新茶，诗酒趁年华"
11,"《行香子·述怀》
对一张琴，一壶酒，一溪云"
10,"《卜算子·黄州定慧院寓居作》
拣尽寒枝不肯栖，寂寞沙洲冷"
10,"《东栏梨花》
惆怅东栏一株雪，人生看得几清明"
10,"《后赤壁赋》
山高月小，水落石出"
10,"《江城子·乙卯正月二十日夜记梦》
十年生死两茫茫，不思量、自难忘"
10,"《沁园春·孤馆灯青》
用舍由时，行藏在我，袖手何妨闲处看"
10,"《题西林壁》
不识庐山真面目，只缘身在此山中"
10,"《行香子·过七里濑》
但远山长，云山乱，晓山青"
9,"《蝶恋花·春景》
枝上柳绵吹又少，天涯何处无芳草"
9,"《惠州一绝》
日啖荔枝三百颗，不辞长作岭南人"
9,"《江城子·密州出猎》
老夫聊发少年狂，左牵黄、右擎苍"
9,"《老饕赋》
先生一笑而起，渺海阔而天高"
9,"《满庭芳·蜗角虚名》
百年里，浑教是醉，三万六千场"
9,"《西江月·平山堂》
休言万事转头空，未转头时皆梦"
9,"《西江月·照野弥弥浅浪》
障泥未解玉骢骄，我欲醉眠芳草"
9,"《赠刘景文》
一年好景君须记，正是橙黄橘绿时"
9,"《鹧鸪天·林断山明竹隐墙》
殷勤昨夜三更雨，又得浮生一日凉"
9,"《自题金山画像》
问汝平生功业，黄州惠州儋州"
8,"《寒食诗二首》
自我来黄州，已过三寒食。年年欲惜春，春去不容惜"
8,"《惠崇春江晚景二首·其一》
竹外桃花三两枝，春江水暖鸭先知"
8,"《如梦令·有寄》
归去，归去，江上一犁春雨"
8,"《石钟山记》
事不目见耳闻，而臆断其有无，可乎？"
8,"《饮湖上初晴后雨二首·其二》
欲把西湖比西子，淡妆浓抹总相宜"
8,"《猪肉颂》
黄州好猪肉，价贱如泥土"
7,"《超然台记》
以见予之无所往而不乐者，盖游于物之外也"
7,"《和董传留别》
粗缯大布裹生涯，腹有诗书气自华"
7,"《六月二十七日望湖楼醉书五首·其一》
黑云翻墨未遮山，白雨跳珠乱入船"
7,"《满庭芳·仲览自江东来别》
仍传语，江南父老，时与晒渔蓑"
7,"《阮郎归·初夏》
绿槐高柳咽新蝉，熏风初入弦"
7,"《狱中寄子由二首·其一》
与君世世为兄弟，更结来生未了因"
6,"《潮州韩文公庙碑》
文起八代之衰，而道济天下之溺"
6,"《初到黄州》
自笑平生为口忙，老来事业转荒唐"
6,"《蝶恋花·送潘大临》
三十年前，我是风流帅"
6,"《海棠》
东风袅袅泛崇光，香雾空蒙月转廊"
6,"《记游松风亭》
此间有甚么歇不得处？"
6,"《南乡子·自述》
占得人间一味愚"
6,"《新城道中二首·其一》
东风知我欲山行，吹断檐间积雨声"
6,"《阳关曲·中秋月》
此生此夜不长好，明月明年何处看"
6,"《渔父四首》
酒醒还醉醉还醒，一笑人间今古"
6,"《正月二十日与潘郭二生……》
人似秋鸿来有信，事如春梦了无痕"
5,"《晁错论》
古之立大事者，不惟有超世之才，亦必有坚韧不拔之志"
5,"《春宵》
春宵一刻值千金，花有清香月有阴"
5,"《答谢民师推官书》
大略如行云流水，初无定质"
5,"《蝶恋花·送春》
白首送春拚一醉，东风吹破千行泪"
5,"《东坡》
雨洗东坡月色清，市人行尽野人行"
5,"《洞仙歌·冰肌玉骨》
但屈指、西风几时来，又不道流年暗中偷换"
5,"《放鹤亭记》
鹤飞去兮西山之缺，高翔而下览兮择所适"
5,"《观棋》
胜固欣然，败亦可喜"
5,"《花影》
重重叠叠上瑶台，几度呼童扫不开"
5,"《稼说送张琥》
博观而约取，厚积而薄发，吾告子止于此矣"
5,"《江城子·梦中了了醉中醒》
梦中了了醉中醒，只渊明、是前生"
5,"《江神子·黄昏犹是雨纤纤 》
雪似故人人似雪，虽可爱、有人嫌"
5,"《腊日游孤山访惠勤惠思二僧》
天欲雪，云满湖，楼台明灭山有无"
5,"《临江仙·送王缄》
此身如传舍，何处是吾乡"
5,"《凌虚台记》
物之废兴成毁，不可得而知也"
5,"《十拍子·暮秋》
身外徜来都似梦，醉里无何即是乡，东坡日月长"
5,"《水调歌头·安石在东海》
我醉歌时君和，醉倒须君扶我"
5,"《水龙吟·次韵章质夫杨花词》
似花还似非花，也无人惜从教坠"
5,"《望海楼晚景五绝·其二》
雨过潮平江海碧，电光时掣紫金蛇"
5,"《西江月·梅花》
高情已逐晓云空，不与梨花同梦"
5,"《於潜僧绿筠轩》
宁可食无肉，不可居无竹"
4,"《八声甘州·寄参寥子》
西州路，不应回首，为我沾衣"
4,"《范文正公文集序》
“童子何用知之？”轼曰：“此天人也耶，则不敢知”"
4,"《浣溪沙·端午》
彩线轻缠红玉臂，小符斜挂绿云鬟，佳人相见一千年"
4,"《吉祥寺赏牡丹》
人老簪花不自羞，花应羞上老人头"
4,"《减字木兰花·春月》
不似秋光，只与离人照断肠"
4,"《减字木兰花·立春》
春牛春杖，无限春风来海上"
4,"《江神子·恨别》
天涯流落思无穷，既相逢、却匆匆"
4,"《留侯论》
天下有大勇者，卒然临之而不惊，无故加之而不怒"
4,"《六月二十七日望湖楼醉书五首·其五》
我本无家更安往，故乡无此好湖山"
4,"《满江红·怀子由作》
孤负当年林下意，对床夜雨听萧瑟"
4,"《南乡子·和杨元素时移守密州》
醉笑陪公三万场"
4,"《南乡子·重九涵辉楼呈徐君猷》
万事到头都是梦，休休，明日黄花蝶也愁"
4,"《念奴娇·中秋》
起舞徘徊风露下，今夕不知何夕"
4,"《千秋岁·次韵少游》
声摇苍玉佩，色重黄金带"
4,"《如梦令 水垢何曾相受》
轻手，轻手，居士本来无垢"
4,"《送子由使契丹》
单于若问君家世，莫道中朝第一人"
4,"《吾谪海南，子由雷州……》
他年谁作舆地志，海南万里真吾乡"
4,"《西江月·重九》
酒阑不必看茱萸，俯仰人间今古"
4,"《戏子由》
常时低头诵经史，忽然欠伸屋打头"
4,"《行香子·与泗守过南山晚归作》
何人无事，宴坐空山"
4,"《雪堂记》
作堂焉，号其正曰“雪堂”"
3,"《别海南黎民表》
?我本儋耳人，寄生西蜀州"
3,"《补子瞻赠姜唐佐秀才》
沧海何曾断地脉，白袍端合破天荒"
3,"《澄迈驿通潮阁二首·其二》
杳杳天低鹘没处，青山一发是中原"
3,"《出狱次前韵二首·其二》
平生文字为吾累，此去声名不厌低"
3,"《出狱次前韵二首·其一》
却对酒杯浑是梦，试拈诗笔已如神"
3,"《次韵孔文仲推官见赠》
我本麋鹿性，谅非伏辕姿"
3,"《答张文潜县丞书》
其文如其为人，故汪洋澹泊，有一唱三叹之声"
3,"《蝶恋花·密州上元》
灯火钱塘三五夜，明月如霜，照见人如画"
3,"《定风波·重阳》
尘世难逢开口笑，年少，菊花须插满头归"
3,"《东坡志林·二措大言志》
一云：“我平生不足，惟饭与睡耳”"
3,"《和陶归去来兮辞》
师渊明之雅放，和百篇之新诗"
3,"《浣溪沙·簌簌衣巾落枣花》
酒困路长惟欲睡，日高人渴漫思茶"
3,"《记游定惠院》
黄州定惠院东小山上，有海棠一株，特繁茂"
3,"《江城子·孤山竹阁送述古》
?欲棹小舟寻旧事，无处问，水连天"
3,"《江城子·江景》
何处飞来双白鹭，如有意、慕娉婷"
3,"《江城子·墨云拖雨过西楼》
墨云拖雨过西楼，水东流、晚烟收"
3,"《满江红·正月十三日送文安国还朝》
天岂无情？天也解、多情留客"
3,"《梦中作祭春牛文》
衣被丹青之好，本出泥涂；成毁须臾之间，谁为喜愠"
3,"《南歌子·和前韵》
我是世间闲客，此闲行"
3,"《菩萨蛮·七夕》
终不羡人间，人间日似年"
3,"《迁居临皋亭》
我生天地间，一蚁寄大磨"
3,"《少年游·润州作》
今年春尽，杨花似雪，犹不见还家"
3,"《守岁》
努力尽今夕，少年犹可夸"
3,"《文与可画筼筜谷偃竹记》
故画竹必先得成竹于胸中，执笔熟视"
3,"《辛丑十一月十九日，既与子由别……》
寒灯相对记畴昔，夜雨何时听萧瑟"
3,"《行香子·秋与》
但一回醉，一回病，一回慵"
3,"《游金山寺》
我家江水初发源，宦游直送江入海"
3,"《与二郎侄》
凡文字，少小时须令气象峥嵘，彩色绚烂，渐老渐熟"
3,"《章质夫送酒六壶，书至而酒不达……》
岂意青州六从事，化为乌有一先生"
3,"《醉蓬莱·重九上君猷》
笑劳生一梦，羁旅三年，又还重九"
3,"《醉翁操·琅然》
琅然，清圆，谁弹，响空山。无言"
2,"《薄薄酒二首》
薄薄酒，胜茶汤；粗粗布，胜无裳"
2,"《宝绘堂记》
君子可以寓意于物，而不可以留意于物"
2,"《采桑子·润州多景楼与孙巨源相遇》
多情多感仍多病，多景楼中，尊酒相逢"
2,"《初别子由》
我少知子由，天资和而清"
2,"《次荆公韵四绝》
劝我试求三亩宅，从公已觉十年迟"
2,"《调笑令·渔父》
归暮，归暮，长笛一声何处"
2,"《蝶恋花·暮春别李公择》
凭仗飞魂招楚些，我思君处君思我"
2,"《洞仙歌·咏柳》
又莫是东风逐君来，便吹散眉间一点春皱"
2,"《贺新郎·乳燕飞华屋》
枉教人梦断瑶台曲，又却是、风敲竹"
2,"《浣溪沙·感旧》
无可奈何新白发，不如归去旧青山，恨无人借买山钱"
2,"《浣溪沙·软草平莎过雨新》
日暖桑麻光似泼，风来蒿艾气如薰，使君元是此中人"
2,"《浣溪沙·山色横侵蘸晕霞》
梦到故园多少路，酒醒南望隔天涯，月明千里照平沙"
2,"《惠崇春江晚景二首·其二》
遥知朔漠多风雪，更待江南半月春"
2,"《惠山……烹小龙团，登绝顶，望太湖》
独携天上小团月，来试人间第二泉"
2,"《祭柳子玉文》
元轻白俗，郊寒岛瘦"
2,"《贾谊论》
贾生志大而量小，才有余而识不足也"
2,"《九日次韵王巩》
相逢不用忙归去，明日黄花蝶也愁"
2,"《李杞寺丞见和前篇，复用元韵答之》
东望海，西望湖，山平水远细欲无"
2,"《六月二十七日望湖楼醉书五首·其二》
水枕能令山俯仰，风船解与月裴回"
2,"《隆中》
诸葛来西国，千年爱未衰"
2,"《木兰花令·次欧公西湖韵》
与余同是识翁人，惟有西湖波底月"
2,"《南歌子·游赏》
山与歌眉敛，波同醉眼流"
2,"《南歌子·再用前韵》
自爱湖边沙路，免泥行"
2,"《南乡子·春情》
认得岷峨春雪浪，初来，万顷蒲萄涨渌醅"
2,"《菩萨蛮·买田阳羡吾将老》
来往一虚舟，聊从物外游"
2,"《器之好谈禅，不喜游山，山中笋……》
不怕石头路，来参玉版师"
2,"《琴诗》
若言声在指头上，何不于君指上听？"
2,"《青玉案·送伯固归吴中》
作个归期天已许，春衫犹是、小蛮针线，曾湿西湖雨"
2,"《哨遍·春词》
这些百岁，光阴几日，三万六千而已"
2,"《石炭歌》
为君铸作百炼刀，要斩长鲸为万段"
2,"《送晁美叔发运右司年兄赴阙》
我年二十无朋俦，当时四海一子由"
2,"《送李公择》
嗟予寡兄弟，四海一子由"
2,"《文说》
吾文如万斛泉源，不择地而出"
2,"《武昌酌菩萨泉送王子立》
何处低头不见我？四方同此水中天"
2,"《洗儿诗》
人皆养子望聪明，我被聪明误一生"
2,"《新城道中二首·其二》
人间岐路知多少，试向桑田问耦耕"
2,"《行香子·冬思》
有湖中月，江边柳，陇头云"
2,"《议学校贡举状》
得人之道，在于知人；知人之法，在于责实"
2,"《有美堂暴雨》
游人脚底一声雷，满座顽云拨不开"
2,"《又答王庠书》
若学成，八面受敌，与涉猎者不可同日而语也"
2,"《与莫同年雨中饮湖上》
还来一醉西湖雨，不见跳珠十五年"
2,"《纵笔》
报道先生春睡美，道人轻打五更钟"
2,"《醉落魄·席上呈元素》
故山犹负平生约，西望峨嵋，长羡归飞鹤"
1,"《被酒独行，遍至子云……三首·其一》
但寻牛矢觅归路，家在牛栏西复西"
1,"《表忠观碑》
匪私于钱，惟以劝忠。非忠无君，非孝无亲"
1,"《菜羹赋》
先生心平而气和，故虽老而体胖"
1,"《朝云诗》
予家有数妾，四五年相继辞去，独朝云者随予南迁"
1,"《沉香山子赋》
盖非独以饮东坡之寿，亦所以食黎人之芹也"
1,"《仇池笔记·二红饭》
老妻大笑日：“此新样二红饭也。”"
1,"《初入庐山三首》
如今不是梦，真个在庐山"
1,"《春帖子词·皇帝阁六首·其二》
愿如风有信，长与日俱中"
1,"《慈湖夹阻风五首》
且并水村欹侧过，人间何处不巉岩"
1,"《答李端叔书》
譬之候虫时鸟，自鸣自已，何足为损益"
1,"《东坡八首》
马正卿哀余乏食，为于郡中请故营地数十亩，使得躬耕"
1,"《东坡羹颂》
东坡羹，盖东坡居士所煮菜羹也"
1,"《书摩诘〈蓝田烟雨图〉》
味摩诘之诗，诗中有画；观摩诘之画，画中有诗"
1,"《东坡志林·口目相语》
子瞻患赤目，或言不可食脍。子瞻欲听之，而口不可"
1,"《二月十九日携白酒鲈鱼过詹使君……》
醉饱高眠真事业，此生有味在三余"
1,"《杭州乞度牒开西湖状》
杭州之有西湖，如人之有眉目，盖不可废也"
1,"《和子由苦寒见寄》
吾从天下士, 莫如与子欢"
1,"《记海南作墨》
墨灶火大发，几焚屋，救灭，遂罢作墨"
1,"《寄吴德仁兼简陈季常》
忽闻河东狮子吼，拄杖落手心茫然"
1,"《减字木兰花·得书》
欲卷重开，读遍千回与万回"
1,"《谏买浙灯状》
臣伏见中使传宣，下府市司买浙灯四千余盏"
1,"《江瑶柱传》
方其为席上之珍，风味蔼然，虽龙肝凤髓，有不及者"
1,"《快哉此风赋》
野马相吹，抟羽毛於汗漫，应龙作处，作鳞甲以参差"
1,"《礼以养人为本论》
凡人情之所安而有节者，举皆礼也"
1,"《留别廉守》
小饼如嚼月，中有酥与饴"
1,"《眉州远景楼记》
嗟夫，轼之去乡久矣"
1,"《蜜酒歌》
世间万事真悠悠，蜜蜂大胜监河侯"
1,"《墨君堂记》
风雪凌厉，以观其操；崖石荦确，以致其节"
1,"《菩萨蛮·回文》
落花闲院春衫薄，薄衫春院闲花落"
1,"《菩萨蛮·回文夏闺怨》
柳庭风静人眠昼，昼眠人静风庭柳"
1,"《却鼠刀铭》
野人有刀，不爱遗余"
1,"《日喻》
生而眇者不识日，问之有目者"
1,"《如梦令·春思》
居士，居士，莫忘小桥流水"
1,"《三槐堂铭》
天可必乎？贤者不必贵，仁者不必寿"
1,"《书临皋亭》
若有思而无所思，以受万物之备，惭愧！惭愧！"
1,"《书刘庭式事》
哀生于爱，爱生于色。今君爱何从生，哀何从出乎？"
1,"《四月十一日初食荔枝》
我生涉世本为口，一官久已轻莼鲈"
1,"《送参寥师》
新诗如玉屑，出语便清警"
1,"《送贾讷倅眉》
老翁山下玉渊回，手植青松三万栽"
1,"《送欧阳主簿赴官韦城四首·其一》
读遍牙签三万轴，却来小邑试牛刀"
1,"《孙莘老求墨妙亭诗》
短长肥瘠各有态，玉环飞燕谁敢憎"
1,"《太白词五首》
百川溢，施沟渠，歌且舞兮"
1,"《天际乌云帖》
故知杭人多惠也"
1,"《望江南·暮春》
春已老，春服几时成"
1,"《喜雨亭记》
使天而雨珠，寒者不得以为襦"
1,"《谢量移汝州表》
只影自怜，命寄江湖之上；惊魂未定，梦游缧绁之中"
1,"《刑赏忠厚之至论》
将杀人，皋陶曰“杀之”三，尧曰“宥之”三"
1,"《叶嘉传》
赞曰：今叶氏散居天下。皆不喜城邑，惟乐山居"
1,"《颍州初别子由二首·其二》
人生无离别，谁知恩爱重"
1,"《余来儋耳，得吠狗曰乌觜，甚猛……》
?乌喙本海獒，幸我为之主"
1,"《与子由弟书》
?惠州市井寥落，然犹日杀一羊，不敢与仕者争买"
1,"《狱中寄子由二首·其二》
梦绕云山心似鹿，魂飞汤火命如鸡"
1,"《赠岭上老人》
问翁大庾岭上住，曾见南迁几个回?"
1,"《真一酒》
米、麦、水，三一而已，此东坡先生真一酒也"
1,"《煮鱼法》
入盐于堂法，以菘菜笔之，仍入浑"
1,"《子由生日》
但愿白发兄，年年作生日"
1,"《纵笔三首·其一》
寂寂东坡一病翁，白须萧散满霜风"
1,"《悼朝云》
伤心一念偿前债，弹指三生断后缘"
1,"《减字木兰花·郑庄好客》
从此南徐，良夜清风月满湖"
1,"《李思训画长江绝岛图》
山苍苍，水茫茫，大孤小孤江中央"
1,"《王朝云墓志铭》
浮屠是瞻，伽蓝是依。如汝宿心，惟佛之归"
1,"《王复秀才所居双桧二首·其二》
根到九泉无曲处，世间惟有蛰龙知"
0,
0,
0,
0,
0,
0,
0,
0,
0,
0,
0,
0,
0,
0,
0,
0,
0,
0,
0,
0,
